Title,Text,Score,Number of Comments,Created UTC,ID,URL
All of reddit right now.,,1367,227,2025-03-02 17:29:53,1j1w83r,https://i.redd.it/ja2w1ofbabme1.jpeg
Make it make sense,,1346,368,2025-03-03 23:53:52,1j2x9uc,https://i.redd.it/geleczfqbkme1.jpeg
üö® #BREAKING: President Donald Trump to sign executive order making English the official language of the United States.,,1141,236,2025-02-28 14:48:41,1j09crg,https://i.redd.it/dbwams2q7wle1.jpeg
Redditor arrested for attempted arson at a Tesla dealership,"Thoughts? Will the fbi finally take the threats redditors spew daily seriously? 

",943,227,2025-02-26 20:13:15,1iyx0pf,https://www.reddit.com/gallery/1iyx0pf
What could this announcement be?,,921,422,2025-03-03 13:19:07,1j2ih8h,https://i.redd.it/bro4kslh6hme1.jpeg
Drop a üá∫üá∏ if you stand with President Trump?,,743,1100,2025-03-01 19:19:36,1j17d0z,https://i.redd.it/8lenfx9ro4me1.png
Thank you Mr President for supporting our women in sports,That's what a real leader does. üá∫üá∏,724,25,2025-03-02 16:58:32,1j1vg5o,https://i.redd.it/f1px6c1q4bme1.jpeg
"Zelenskyy was cursing Americans.. 'you have nice ocean and you don't feel now, but you will feel in future' ‚Ä¶. That‚Äôs exactly what made Trump angry and he took a stand for America.üá∫üá∏ü¶Ö ‚Ä¶..  No one gets to lecture our President in the Oval Office and disrespect America‚Äôs generosity.",,679,440,2025-02-28 20:34:04,1j0hkmw,https://i.redd.it/u4hevclcxxle1.jpeg
Why does the left go complete 180 with everything Trump says/does?,,666,451,2025-03-01 02:22:50,1j0oz39,https://i.redd.it/kl2rtgklaxle1.jpeg
"What the hell is wrong with this subreddit???? Just when we thought liberals couldn't get crazier. By the way, your ""hero"" took 350 billions dollars from you and ""doesn't know"" where half of it is.",,645,308,2025-03-02 02:09:45,1j1g4an,https://i.redd.it/iquyxgv4q6me1.png
"ENDING WOKE MADNESS:  All Federal Funding will STOP for any College, School, or University that allows illegal protests.",,613,589,2025-03-04 13:33:38,1j3aus4,https://i.redd.it/sutlesozdome1.jpeg
These money laundering scam artists owe The American People at least $350 Billion Dollars.,,582,183,2025-03-02 15:46:12,1j1tqtu,https://i.redd.it/yyi4wblframe1.jpeg
YES so true!,,581,233,2025-03-01 15:56:31,1j12l3s,https://i.redd.it/bkio27vqo3me1.jpeg
We have a beautiful First Lady,,575,34,2025-02-26 17:10:53,1iysjw1,https://i.redd.it/h5wptai9nile1.jpeg
These people need help.,,556,260,2025-03-02 20:35:50,1j20q97,https://i.redd.it/4qy0dmmh7cme1.png
Caveman got kicked out,,555,185,2025-03-05 02:26:42,1j3smgi,https://i.redd.it/ig8bib2v7sme1.jpeg
No mental illness to see here,,538,122,2025-02-27 11:46:37,1izdw6d,https://i.redd.it/s8818wn5dkle1.jpeg
FAFO- Didn‚Äôt work so well for him!,,541,61,2025-02-28 21:16:29,1j0ik1v,https://i.redd.it/pt2f227x4yle1.jpeg
How dare he threaten us!,Don't you dare threaten us!! Thank God Trump saw what he was saying. This guy would be NOTHING without the BILLIONS OF TAXPAYER DOLLARS HE RECEIVED FROM BIDEN! And thank you Vance for standing up for Trump and not sitting back like Pence did all those years! ,520,277,2025-02-28 18:12:23,1j0e91y,https://v.redd.it/yhlgnkq28xle1
Reddit is a lost cause.,"All I see now is left politics, trump hate and blaming trump for things he has nothing to do with on any random subreddit like pics, and publicfreakout. Freedom of speech is doomed on most of this platform due to the moderators being left extremists, and the second you try to say anything about Elon musk in a positive light you're a fascists and a racist bigot. It seems to me that reddit is there last hope for power to push their agenda to people around the world so they are trying everything they can to push us out and silence us to keep their grasp.",520,366,2025-03-03 10:56:13,1j2g489,https://www.reddit.com/r/trump/comments/1j2g489/reddit_is_a_lost_cause/
truth hurts,,511,119,2025-03-03 03:27:15,1j29f35,https://i.redd.it/h6kz6t4w8eme1.jpeg
I can‚Äôt imagine,,499,129,2025-03-04 01:51:42,1j2zo93,https://i.redd.it/b90ruu5rwkme1.jpeg
Would you support an immigrant exchange?,,491,150,2025-03-04 18:51:55,1j3iatk,https://i.redd.it/uv9d898uxpme1.jpeg
Behind the scene,Any questions ask Richard Grenell,495,161,2025-03-01 17:38:21,1j14za2,https://i.redd.it/vy1d11zw64me1.jpeg
I Stand With Trump,,468,191,2025-03-04 12:09:07,1j39bve,https://i.redd.it/5f05qvuwynme1.jpeg
Imagine being so sensitive and triggered you let it ruin your breakfast.,,470,98,2025-02-28 13:11:24,1j07bcq,https://i.redd.it/wswykqkdqvle1.jpeg
"Canada doesn‚Äôt allow American Banks to do business in Canada, but their banks flood the American Market.  Oh, that seems fair to me , doesn‚Äôt it?",R,472,232,2025-03-04 16:40:35,1j3f0w1,https://i.redd.it/d9t16vdcbpme1.jpeg
"Actually, he just caught a rocket with chopsticks",,473,153,2025-02-27 02:31:41,1iz5c04,https://i.redd.it/996t270cflle1.jpeg
THIS is what a real dictator looks like. THIS is what the entire left worships......and THIS is just ONE of the many reasons why President Donald J Trump WON.,,467,263,2025-03-03 21:01:02,1j2tb9b,https://i.redd.it/sz9njbakfjme1.png
The best thing ever happened getting back USA üá∫üá∏ üá∫üá∏ üá∫üá∏,"The best thing ever happened getting back USA üá∫üá∏ üá∫üá∏ üá∫üá∏ GOD BLESS AMERICA üá∫üá∏ üôè ‚ù§Ô∏è üá∫üá∏ üôè ‚ù§Ô∏è üá∫üá∏ üôè ‚ù§Ô∏è 

Thank you everyone great job ü§úü§õ",467,36,2025-03-02 21:21:16,1j21t5e,https://i.redd.it/hmdy9chlfcme1.jpeg
"Eminem having a meltdown on stage, crying over Trump.",,459,608,2025-03-02 22:42:37,1j23pd7,https://v.redd.it/z59vs182ucme1
Democrats showed they hate America today,"Not standing up or clapping for the Laken Riley act is absolutely pathetic. They watched her family in tears and refused to clap or stand. They are genuinely evil people. 

The Democratic Party has lost the plot. Sitting there like idiots with those signs is not a good look. Real Americans won‚Äôt forget. ",454,233,2025-03-05 03:29:24,1j3tuck,https://www.reddit.com/r/trump/comments/1j3tuck/democrats_showed_they_hate_america_today/
"Absolutely destroyed, this is brilliant",This goes HARD,443,30,2025-03-03 12:10:14,1j2h96l,https://i.redd.it/fzfbnt87ugme1.png
Don't Bite The Hand...,,446,75,2025-03-03 15:05:12,1j2knpt,https://i.redd.it/thm9lwyephme1.jpeg
Circle of Trump,,434,57,2025-03-03 00:41:14,1j268ez,https://i.redd.it/n8nv7su9fdme1.jpeg
This is the state of America,,414,27,2025-02-28 03:24:24,1izyc6x,https://i.redd.it/kprj8zfntsle1.png
Exactly!,,401,122,2025-03-04 13:10:53,1j3afal,https://i.redd.it/xz8nrkjx9ome1.jpeg
Now it ends! üá∫üá∏,,366,90,2025-03-04 03:12:37,1j3181w,https://i.redd.it/n33je9z6blme1.jpeg
"IF COMPANIES MOVE TO THE UNITED STATES, THERE ARE NO TARIFFS!",,367,66,2025-03-04 16:38:01,1j3eyle,https://i.redd.it/c9o6nfvvapme1.jpeg
We have a TV show in Australia called lefties losing it,Just discovered this today. Might just be a Sky News segment but it's a whole 30min segment lol,357,45,2025-02-28 10:07:06,1j04dng,https://i.redd.it/mfvws4ohtule1.jpeg
Trump should grow a beard,It helped Abe Lincoln gain popularity. Maybe it could do the same for Trump. ,350,63,2025-02-27 02:39:10,1iz5hav,https://www.reddit.com/gallery/1iz5hav
First non-white person as Director of the FBI,Why are liberals not celebrating this great event??????,354,70,2025-02-26 19:32:08,1iyw199,https://i.redd.it/cztzp2chcjle1.jpeg
Out of all the ways they came up with this,,353,71,2025-02-26 23:26:22,1iz1j5k,https://v.redd.it/1lz2o8i9ikle1
What a difference,,338,90,2025-03-01 03:50:58,1j0qle5,https://i.redd.it/sptdb3ua30me1.jpeg
Petty children,,337,96,2025-03-05 02:30:40,1j3spg6,https://i.redd.it/umtwud8m8sme1.jpeg
Trans celebrity Hunter Schafer listed as male on her new passport by the Trump administration,,336,90,2025-02-28 02:09:28,1izwxnz,https://i.redd.it/ki4uvejvsqle1.jpeg
Never forget!,,334,18,2025-02-28 15:13:09,1j09wut,https://i.redd.it/wty5chuz8xo91.jpg
I really hope they do. Fuck the entirety of Europe. Except poland They can chill.,,325,182,2025-03-01 22:56:40,1j1c806,https://i.redd.it/cwoudqhpr5me1.jpeg
100%  nail on the head,,329,74,2025-03-04 17:39:20,1j3ghv8,https://i.redd.it/ifc9rdptlpme1.jpeg
Trump just slapped Zelenskyy hard,"Breaking news I can't get a link yet.  He basically told him you don't have the cards,  you are being ungrateful,  disrespectful, terrible attitude. You are screwed without me start acting like it... never saw anything like this before it was pure gold...",309,113,2025-02-28 17:58:18,1j0dwoc,https://www.reddit.com/r/trump/comments/1j0dwoc/trump_just_slapped_zelenskyy_hard/
Trans rights activists storm the Iowa State Capitol as lawmakers consider a bill to remove gender identity as a protected class,,304,190,2025-02-27 19:55:14,1izotie,https://v.redd.it/h46bt2i61qle1
This rhetoric will start a war,,294,127,2025-02-27 01:38:36,1iz4aqi,https://i.redd.it/rkgng33v5lle1.jpeg
Yeah he did lol.,,296,43,2025-03-01 18:23:10,1j161o5,https://i.redd.it/4b8brnqwe4me1.jpeg
Completely delusional,,297,93,2025-02-27 19:50:54,1izopso,https://i.redd.it/df2sr7pqkqle1.png
Lmao accurate,,293,16,2025-03-02 01:53:14,1j1ft3z,https://i.redd.it/chf1xah7n6me1.jpeg
"üö® JUST IN: FIRST LADY MELANIA TRUMP IS MEETING WITH MEMBERS OF CONGRESS TO ADVOCATE FOR THE PASSAGE OF THE TAKE IT DOWN ACT, WHICH WILL CRIMINALIZE THE PUBLICATION OF NONCONSENSUAL INTIMATE IMAGES",,283,74,2025-03-03 21:29:12,1j2tzzh,https://i.redd.it/ski6r2qlljme1.jpeg
Who elected This ?,,289,101,2025-03-05 04:04:29,1j3uh6j,https://i.redd.it/ixln4lxcpsme1.jpeg
The UK people: We want our country back,"üö®100,000 patriotic Brits saying we want our country back.

Together we are stronger and we will NOT back down.

BRITAIN WILL BE BACK üá¨üáß",281,63,2025-03-04 08:28:00,1j368vj,https://v.redd.it/zwq6wx6gvmme1
You don‚Äôt want Peace ‚úåÔ∏è,,275,220,2025-03-03 20:46:00,1j2sydw,https://i.redd.it/xd6hv1p7ejme1.jpeg
Epstein binder,Posing with a binder that‚Äôs supposed to have information on child sex trafficking is certainly a choice by these X Conservative Social Media influencers. ,276,76,2025-02-27 20:46:23,1izq11j,https://i.redd.it/j5ktsv1nuqle1.jpeg
Truth!,,271,55,2025-03-04 16:00:17,1j3e1ij,https://i.redd.it/ziopiol54pme1.jpeg
What really happened at the Oval Office between Trump and  Zelensky,,272,49,2025-03-03 19:02:17,1j2qfur,https://v.redd.it/wpi2n0ykvime1
The Internet wins again üòÇ,"I don't know about you, but this one got me hollering üòÇ",272,85,2025-02-26 15:20:24,1iypwru,https://v.redd.it/3gxje2qj3ile1
Trump‚Äôs approval rating now above 50% with Gen Z,"Makes you realize just how misleading Reddit is‚Ä¶ 


https://www.newsweek.com/donald-trump-approval-rating-genz-poll-atlas-2038648
",264,82,2025-03-03 20:31:14,1j2slu0,https://www.reddit.com/r/trump/comments/1j2slu0/trumps_approval_rating_now_above_50_with_gen_z/
"Is Reddit really that hateful for America? Wtf,  it‚Äôs sad how much people shit on üá∫üá∏ on this platform","I have seen people target Trump for his skin, shoes, vp walking to a plane. ",264,174,2025-03-02 01:14:12,1j1f1zn,https://www.reddit.com/r/trump/comments/1j1f1zn/is_reddit_really_that_hateful_for_america_wtf_its/
Trump wins again üëã,Good luck with that Zelenskyy üôÑ,264,48,2025-03-02 15:42:01,1j1tndi,https://i.redd.it/ti3s8rk2rame1.jpeg
February 28th is Patriot shopping day!!,,256,32,2025-02-27 16:51:59,1izkdks,https://i.redd.it/01gwhlitople1.jpeg
Canada is fucked in air superiority,,260,222,2025-03-03 03:25:58,1j29e73,https://i.redd.it/oouacyxn8eme1.jpeg
Donald Trump's approval rating soars with Gen Z,,250,72,2025-03-03 14:44:56,1j2k7mw,https://www.newsweek.com/donald-trump-approval-rating-genz-poll-atlas-2038648
Respect for Trump - I'm from the UK,"First off, I wanted to congratulate you Americans for having a leader who is actually putting his country first. I'm English, and embarrassed to live in a country which has become a laughing stock. To go from the British Empire to this, unacceptable.

I hope the day finally comes that the UK gets a leader like Trump. Someone so passionate about doing what is best for his country and making  sure the USA gets the best deal, best outcome in all possible negotiations. I want what you all have, here in the UK. 

I watched the discussions with Zelensky and couldn't have agreed more with President Trump. Why should American taxes fund the Ukrainan war... and if you do, why should you be left out of pocket (mineral agreement).

It's also difficult over here being a Trump fan too, far too many individuals have been brainwashed by the media and now think Trump is a nazi. But don't worry, I do what I can do to shut them down. They just don't understand - can't argue with stupid I guess.

Anyway, just wanted you to know there are those of us in the UK that want change. I hope it comes and I hope the UK can progress like the USA is under Trump.",242,81,2025-03-02 00:08:15,1j1dqf6,https://www.reddit.com/r/trump/comments/1j1dqf6/respect_for_trump_im_from_the_uk/
My friends at FBI are scared stupid right now‚Ä¶.,,241,38,2025-02-26 18:49:20,1iyuz96,https://i.redd.it/jdkd3vbu4jle1.jpeg
Europe sends more on Russian Oil and Gas than defending Ukraine,,243,21,2025-03-03 23:03:09,1j2w6f3,https://i.redd.it/zf7rzgpo2kme1.jpeg
People in America should see this truth,"The U.S. has been supporting a war that isn‚Äôt even on its own continent‚Äîa gesture that should be seen as charity. However, this support is now being treated as an obligation. 

Meanwhile, Europe has had three years since the war began but has failed to significantly increase its military defense spending. They are not even willing to cut their own welfare spending to ramp up the budget, so that they can stand on their own feet. 

We sympathize with Ukraine‚Äôs situation and understand Zelenskyy‚Äôs frustration, but this is not the right way to seek help. More importantly, agreeing to meet in the Oval Office implies acceptance of the terms. Publicly criticizing the U.S. president in such a setting showed a complete lack of gratitude‚Äînot just toward him, but also toward the American people who have supported Ukraine.

Seriously, Americans have no stake in this war from the start. Zelenskyy cannot expect an endless support from USA, that‚Äôs unfair to the American people too cuz their hard earn money is being used to fund a war that‚Äôs far from their homeland. ",240,276,2025-03-01 23:21:26,1j1cr6l,https://www.reddit.com/r/trump/comments/1j1cr6l/people_in_america_should_see_this_truth/
Well said,,238,88,2025-03-02 12:18:59,1j1pm4d,https://i.redd.it/fq4wswjuq9me1.jpeg
Trump Nominated for Nobel Peace Prize,,237,58,2025-03-04 22:14:03,1j3n71c,https://townhall.com/tipsheet/saraharnold/2025/03/04/trump-nominated-for-nobel-peace-prize-n2653216
Why do we let these left wing nut jobs talk shit in here?,"Why do we let these left wing nut jobs talk shit in here? We have to put up with that shit in every other sub, can we not have one place where we can exist without their hate, misinformation and bullshit? If we want to stay open to opposing views, let them go to the Conservative page. We shouldn't have to deal with their shit here as well. Just my opinion, but I feel like we should be able to have a spot to converse without them. Like every other sub does to us. ",238,290,2025-03-04 22:01:16,1j3mw46,https://i.redd.it/xs3xtkejwqme1.jpeg
Truth hurts!,They get sooooo mad when you use facts and the truth against them,234,43,2025-03-02 07:29:27,1j1lgd2,https://www.reddit.com/gallery/1j1lgd2
r\pics has truly lost it,"Somehow, those lunatics have managed to be more extreme than ***DURING THE ELECTION ITSELF***. Just how? They have truly lost it. All the posts have thousands of upvotes and all they really boil down to is \*insert picture of Trump\* ""Trump bad because I say so"". They literally just made fun of Vance's jeans. Like, do you have no interesting pictures of your life to post about? If the right did it, well then that would be another story, wouldn't it? It's just a bit ludicrous. They're just a DNC Subreddit in all but name.",227,121,2025-03-01 15:05:07,1j11fky,https://www.reddit.com/r/trump/comments/1j11fky/rpics_has_truly_lost_it/
Zelensky literally wants Americans to die. Sick!,,227,258,2025-03-02 18:46:46,1j1y3j7,https://v.redd.it/9ukeh411obme1
Pam Bondi Says FBI Lied To Her About Turning Over All Of The Epstein Files Bondi has requested the missing documents from FBI Director Kash Patel.,https://www.dailywire.com/news/pam-bondi-says-fbi-lied-to-her-about-turning-over-all-of-the-epstein-files?topStoryPosition=undefined,225,36,2025-02-27 22:59:36,1izt2z7,https://i.redd.it/e4nhnqmeirle1.jpeg
Gonna Tell My Grandkids This Is What Being COVID Vaccinated Looked Like,,224,45,2025-02-27 00:26:05,1iz2t0c,https://i.redd.it/ttgkwtbxskle1.jpeg
I'll never forget Democrats starting a war that destroyed America over a drug induced felon.,,226,47,2025-03-04 23:29:08,1j3ox46,https://i.redd.it/gbmopuezbrme1.jpeg
Let‚Äôs get the party started.  April 2nd the economy is gonna roar! üá∫üá∏ üßë‚Äçüåæ üí∞ üá∫üá∏ MAGA üá∫üá∏,,222,66,2025-03-03 22:56:05,1j2w0nc,https://i.redd.it/mhgw7xbf1kme1.jpeg
Remove the f*ckers from the chamber!,,220,55,2025-03-05 02:26:59,1j3smpc,https://i.redd.it/zee0n3ty7sme1.jpeg
Wtf üòÜ,,211,136,2025-03-02 21:50:48,1j22hym,https://v.redd.it/qg4jkbrtkcme1
Victory!,,215,10,2025-02-27 21:34:48,1izr5rm,https://i.redd.it/7bnsqo1a3rle1.jpeg
Democrats platform forever.,,209,37,2025-03-02 06:21:00,1j1kg7c,https://i.redd.it/opjnfnbvy7me1.jpeg
So if she was elected president‚Ä¶wtf would she be doing? If anything‚Ä¶,I‚Äôm really curious on everyone‚Äôs opinions. wtf would she be doing.  Or accomplish? lol ,212,326,2025-03-04 03:06:47,1j3147v,https://i.redd.it/pcmn8yi5alme1.jpeg
Bingo,,209,4,2025-03-02 23:00:06,1j2438a,https://i.redd.it/0tg2i7m0scme1.jpeg
I got perma banned for answering someone‚Äôs question,,208,68,2025-03-01 00:55:46,1j0nb3i,https://i.redd.it/1rur3gl18zle1.jpeg
Little Kid Become Special Agent,This is simply beautiful and makes me smile and he will never forget this night in his lifetime. God Bless America! MAGA!,205,34,2025-03-05 03:38:23,1j3u0ds,https://i.redd.it/oczttn9pksme1.jpeg
Gang.,,207,13,2025-03-02 21:57:50,1j22nua,https://i.redd.it/2kortpd4mcme1.jpeg
Why is it a big deal when Trump deportes illegal immigrants but everyone still worship's Obama?,,207,78,2025-03-02 17:44:20,1j1wks6,https://i.redd.it/okfeae9wcbme1.jpeg
"JUST IN: Personnel within the FBI have been obstructing investigation into the actions and potential ""accomplices"" of Thomas Crooks, the would-be Trump assassin in Butler, PA - NYP ‚Ä¶‚Ä¶. Something fishy is going on",,204,39,2025-02-28 02:56:26,1izxtj5,https://i.redd.it/h788nflnosle1.jpeg
"Ah, the French no longer think of us as an ally.  I await their downvotes.. ü§£",Cue the jokes..,196,137,2025-03-04 20:34:02,1j3kswi,https://i.redd.it/fdthfjlzgqme1.jpeg
Trump should do this,,192,34,2025-03-03 04:06:32,1j2a4ni,https://i.redd.it/evdcf85tfeme1.jpeg
This is hilarious.,Apparently someone needs educated on what science is.,190,60,2025-03-01 21:41:46,1j1ak3r,https://i.redd.it/u8nx0mfce5me1.png
FBI Director James Comey for inserting two undercover FBI agents in Trump‚Äôs campaign with orders to sleep with his associates to gather information on the president.,,191,47,2025-02-28 10:55:24,1j051vv,https://v.redd.it/9p9oslhz1vle1
Insanity... it took so long,,187,51,2025-03-04 03:47:39,1j31vyl,https://i.redd.it/gzxkmdhp8kme1.jpeg
Feels like a dream,,185,13,2025-02-26 20:57:59,1iyy329,https://i.redd.it/3o4h4lqrrjle1.jpeg
